Domanda,Struttura,Brief,Link,Keyword
ozono: cosa devi sapere su questo gas,h1,,,ozono
cos’è l’ozono?,h2,"cosa è, composizione, formula di struttura (simbolo), colore, odore, vsepr, geometria molecolare, lewis, elemento o composto, tavola periodica, numero atomico",,cos'è l'ozono
quali sono le proprietà dell’ozono?,h3,"ozono caratteristiche, proprita fisiche, chimiche",,molecola di ozono
da dove deriva il nome ozono?,h3,,,ozono composizione
dove si trova l’ozono?,h2,,,ozono formula di struttura
come si forma l’ozono?,,,,ozono simbolo
,,,,ozono colore
,,,,ozono odore
,,,,ozono vsepr
,,,,geometria molecolare o3
,,,,ozono formula lewis
,,,,ozono elemento o composto
,,,,ozono tavola periodica
,,,,ozono numero atomico
,,,,
,,,,ozono proprietà
,,,,ozono caratteristiche
,,,,ozono proprietà fisiche
,,,,peso molecolare ozono
,,,,ozono proprietà chimiche
,,,,ozono reazione
,,,,ozono ossidante
,,,,
,,,,dove si trova l'ozono
,,,,
,,,,
,,,,
,,,,
,,,,ozono atmosfera
,,,,ozono atmosfera dove si trova
